<?xml version="1.0" encoding="UTF-8"?>
<root>
    <doclet-version-NOT-library-version>1.06</doclet-version-NOT-library-version>
    <class>
        <name>anywheresoftware.b4j.objects.PiFaceWrapper</name>
        <shortname>PiFace</shortname>
        <objectwrapper>com.pi4j.device.piface.PiFace</objectwrapper>
        <owner>process</owner>
        <method>
            <name>Initialize</name>
            <comment>Initializes the PiFace object.
Example:&lt;code&gt;
pf.Initialize(0x40, 0)&lt;/code&gt;</comment>
            <returntype>void</returntype>
            <parameter>
                <name>SpiAddress</name>
                <type>byte</type>
            </parameter>
            <parameter>
                <name>SpiChannel</name>
                <type>int</type>
            </parameter>
        </method>
        <method>
            <name>GetLED</name>
            <comment>Gets a reference to a LED. Index should be between 0 to 7.</comment>
            <returntype>anywheresoftware.b4j.objects.PiFaceWrapper.LEDWrapper</returntype>
            <parameter>
                <name>Index</name>
                <type>int</type>
            </parameter>
        </method>
        <method>
            <name>GetRelay</name>
            <comment>Gets a reference to a Relay. Index should be between 0 to 1.</comment>
            <returntype>anywheresoftware.b4j.objects.PiFaceWrapper.RelayWrapper</returntype>
            <parameter>
                <name>Index</name>
                <type>int</type>
            </parameter>
        </method>
        <method>
            <name>GetSwitch</name>
            <comment>Gets a reference to a Switch. Index should be between 0 to 3.</comment>
            <returntype>anywheresoftware.b4j.objects.PiFaceWrapper.SwitchWrapper</returntype>
            <parameter>
                <name>Index</name>
                <type>int</type>
            </parameter>
        </method>
        <method>
            <name>IsInitialized</name>
            <comment></comment>
            <returntype>boolean</returntype>
        </method>
    </class>
    <class>
        <name>anywheresoftware.b4j.objects.PiFaceWrapper.SwitchWrapper</name>
        <shortname>Switch</shortname>
        <objectwrapper>com.pi4j.component.switches.Switch</objectwrapper>
        <owner>process</owner>
        <event>StateChange(State As Boolean)</event>
        <method>
            <name>AddListener</name>
            <comment>Adds an event listener.</comment>
            <returntype>void</returntype>
            <parameter>
                <name>ba</name>
                <type>anywheresoftware.b4a.BA</type>
            </parameter>
            <parameter>
                <name>EventName</name>
                <type>java.lang.String</type>
            </parameter>
        </method>
        <method>
            <name>IsInitialized</name>
            <comment></comment>
            <returntype>boolean</returntype>
        </method>
        <property>
            <name>State</name>
            <returntype>boolean</returntype>
            <comment>Gets the switch state. True = On, False = Off.</comment>
        </property>
    </class>
    <class>
        <name>anywheresoftware.b4j.objects.PiFaceWrapper.LEDWrapper</name>
        <shortname>LED</shortname>
        <objectwrapper>com.pi4j.component.light.LED</objectwrapper>
        <owner>process</owner>
        <method>
            <name>IsInitialized</name>
            <comment></comment>
            <returntype>boolean</returntype>
        </method>
        <property>
            <name>State</name>
            <returntype>boolean</returntype>
            <parameter>
                <name>b</name>
                <type>boolean</type>
            </parameter>
            <comment>Gets or sets the LED state. True = On, False = Off.</comment>
        </property>
    </class>
    <class>
        <name>anywheresoftware.b4j.objects.PiFaceWrapper.RelayWrapper</name>
        <shortname>Relay</shortname>
        <objectwrapper>com.pi4j.component.relay.Relay</objectwrapper>
        <owner>process</owner>
        <method>
            <name>IsInitialized</name>
            <comment></comment>
            <returntype>boolean</returntype>
        </method>
        <property>
            <name>State</name>
            <returntype>boolean</returntype>
            <parameter>
                <name>b</name>
                <type>boolean</type>
            </parameter>
            <comment>Gets or sets the relay state. True = Closed, False = Open.</comment>
        </property>
    </class>
    <class>
        <name>anywheresoftware.b4j.objects.GpioControllerWrapper</name>
        <shortname>GpioController</shortname>
        <objectwrapper>com.pi4j.io.gpio.GpioController</objectwrapper>
        <owner>process</owner>
        <method>
            <name>InitializePiFace</name>
            <comment>Initializes the PiFace controller.
Example:&lt;code&gt;
controller.InitializePiFace(0x40, 0)&lt;/code&gt;</comment>
            <returntype>void</returntype>
            <parameter>
                <name>SpiAddress</name>
                <type>byte</type>
            </parameter>
            <parameter>
                <name>SpiChannel</name>
                <type>int</type>
            </parameter>
        </method>
        <method>
            <name>Initialize</name>
            <comment>Initializes the controller.</comment>
            <returntype>void</returntype>
        </method>
        <method>
            <name>Shutdown</name>
            <comment>Shuts down the controller and removes all listeners.</comment>
            <returntype>void</returntype>
        </method>
        <method>
            <name>IsInitialized</name>
            <comment></comment>
            <returntype>boolean</returntype>
        </method>
    </class>
    <class>
        <name>anywheresoftware.b4j.objects.GpioControllerWrapper.GpioPinAnalogInputWrapper</name>
        <shortname>GpioPinAnalogInput</shortname>
        <objectwrapper>com.pi4j.io.gpio.GpioPinAnalogInput</objectwrapper>
        <owner>process</owner>
        <method>
            <name>Initialize</name>
            <comment></comment>
            <returntype>void</returntype>
            <parameter>
                <name>PinNumber</name>
                <type>int</type>
            </parameter>
        </method>
        <method>
            <name>IsInitialized</name>
            <comment></comment>
            <returntype>boolean</returntype>
        </method>
        <property>
            <name>Value</name>
            <returntype>double</returntype>
            <comment></comment>
        </property>
    </class>
    <class>
        <name>anywheresoftware.b4j.objects.GpioControllerWrapper.GpioPinDigitalOutputWrapper</name>
        <shortname>GpioPinDigitalOutput</shortname>
        <objectwrapper>com.pi4j.io.gpio.GpioPinDigitalOutput</objectwrapper>
        <owner>process</owner>
        <method>
            <name>Initialize</name>
            <comment>Initializes the pin and provision it to a digital output pin.
PinNumber - 1-29.
State - True for high, False for low.</comment>
            <returntype>void</returntype>
            <parameter>
                <name>PinNumber</name>
                <type>int</type>
            </parameter>
            <parameter>
                <name>State</name>
                <type>boolean</type>
            </parameter>
        </method>
        <method>
            <name>ChangeToInput</name>
            <comment>Changes the pin mode to input and returns a new GpioPinDigitalInput object.
Note that for the StateChange event to work the pin must have been first initialized as an input pin.</comment>
            <returntype>anywheresoftware.b4j.objects.GpioControllerWrapper.GpioPinDigitalInputWrapper</returntype>
        </method>
        <method>
            <name>SetShutdownOptions</name>
            <comment>Configures the settings which will be set when the controller is shutdown.
Resistance should be one of the following values: OFF, PULL_UP, PULL_DOWN.</comment>
            <returntype>void</returntype>
            <parameter>
                <name>Unexport</name>
                <type>boolean</type>
            </parameter>
            <parameter>
                <name>State</name>
                <type>boolean</type>
            </parameter>
            <parameter>
                <name>Resistance</name>
                <type EnumType="true">com.pi4j.io.gpio.PinPullResistance</type>
            </parameter>
        </method>
        <method>
            <name>SetPinPullResistance</name>
            <comment>Sets the pin pull resistance.
Resistance - One of the following string values: OFF, PULL_UP, PULL_DOWN.</comment>
            <returntype>void</returntype>
            <parameter>
                <name>Resistance</name>
                <type EnumType="true">com.pi4j.io.gpio.PinPullResistance</type>
            </parameter>
        </method>
        <method>
            <name>Blink</name>
            <comment>The pin state will be set to low for the specified interval (measured in milliseconds).</comment>
            <returntype>void</returntype>
            <parameter>
                <name>Delay</name>
                <type>long</type>
            </parameter>
        </method>
        <method>
            <name>Pulse</name>
            <comment>The pin state will be set to high for the specified interval (measured in milliseconds).</comment>
            <returntype>void</returntype>
            <parameter>
                <name>Delay</name>
                <type>long</type>
            </parameter>
        </method>
        <method>
            <name>IsInitialized</name>
            <comment></comment>
            <returntype>boolean</returntype>
        </method>
        <property>
            <name>Name</name>
            <returntype>java.lang.String</returntype>
            <parameter>
                <name>s</name>
                <type>java.lang.String</type>
            </parameter>
            <comment>Gets or sets the pin's friendly name.</comment>
        </property>
        <property>
            <name>State</name>
            <returntype>boolean</returntype>
            <parameter>
                <name>b</name>
                <type>boolean</type>
            </parameter>
            <comment>Gets or sets the pin state.</comment>
        </property>
    </class>
    <class>
        <name>anywheresoftware.b4j.objects.GpioControllerWrapper.GpioPinDigitalInputWrapper</name>
        <shortname>GpioPinDigitalInput</shortname>
        <objectwrapper>com.pi4j.io.gpio.GpioPinDigitalInput</objectwrapper>
        <owner>process</owner>
        <event>StateChange(State As Boolean)</event>
        <method>
            <name>Initialize</name>
            <comment>Initializes the pin and provisions it to be a digital input pin.
EventName - Sets the sub that will handle the StateChange event.
PinNumber - 1-29.</comment>
            <returntype>void</returntype>
            <parameter>
                <name>ba</name>
                <type>anywheresoftware.b4a.BA</type>
            </parameter>
            <parameter>
                <name>EventName</name>
                <type>java.lang.String</type>
            </parameter>
            <parameter>
                <name>PinNumber</name>
                <type>int</type>
            </parameter>
        </method>
        <method>
            <name>SetShutdownOptions</name>
            <comment>Configures the settings which will be set when the controller is shutdown.
Resistance should be one of the following values: OFF, PULL_UP, PULL_DOWN.</comment>
            <returntype>void</returntype>
            <parameter>
                <name>Unexport</name>
                <type>boolean</type>
            </parameter>
            <parameter>
                <name>State</name>
                <type>boolean</type>
            </parameter>
            <parameter>
                <name>Resistance</name>
                <type EnumType="true">com.pi4j.io.gpio.PinPullResistance</type>
            </parameter>
        </method>
        <method>
            <name>SetPinPullResistance</name>
            <comment>Sets the pin pull resistance.
Resistance - One of the following string values: OFF, PULL_UP, PULL_DOWN.</comment>
            <returntype>void</returntype>
            <parameter>
                <name>Resistance</name>
                <type EnumType="true">com.pi4j.io.gpio.PinPullResistance</type>
            </parameter>
        </method>
        <method>
            <name>ChangeToOutput</name>
            <comment>Changes the pin mode to output and returns a new GpioPinDigitalOutput object.</comment>
            <returntype>anywheresoftware.b4j.objects.GpioControllerWrapper.GpioPinDigitalOutputWrapper</returntype>
        </method>
        <method>
            <name>IsInitialized</name>
            <comment></comment>
            <returntype>boolean</returntype>
        </method>
        <property>
            <name>Name</name>
            <returntype>java.lang.String</returntype>
            <parameter>
                <name>s</name>
                <type>java.lang.String</type>
            </parameter>
            <comment>Gets or sets the pin's friendly name.</comment>
        </property>
        <property>
            <name>State</name>
            <returntype>boolean</returntype>
            <comment>Gets the current state.</comment>
        </property>
    </class>
    <version>2.0</version>
    <dependsOn>pi4j-core</dependsOn>
    <dependsOn>pi4j-device</dependsOn>
    <dependsOn>pi4j-gpio-extension</dependsOn>
</root>
