<?xml version="1.0" encoding="utf-8"?>
<root>
  <doclet-version-NOT-library-version>1.00</doclet-version-NOT-library-version>
  <dependsOn>jcore</dependsOn>
  <dependsOn>jpi4j</dependsOn>
  <dependsOn>javaobject</dependsOn>
  <dependsOn>pi4j-core</dependsOn>
  <dependsOn>pi4j-device</dependsOn>
  <dependsOn>pi4j-gpio-extension</dependsOn>
  <class>
    <name>b4j.example.tm1637</name>
    <shortname>TM1637</shortname>
    <method>
      <name>IsInitialized</name>
      <comment>Tests whether the object has been initialized.</comment>
      <returntype>boolean</returntype>
    </method>
    <method>
      <name DesignerName="Clear">_clear</name>
      <comment>Clear the display
</comment>
      <returntype>String</returntype>
    </method>
    <method>
      <name DesignerName="Delay">_delay</name>
      <comment>Delay for n milliseconds
</comment>
      <returntype>String</returntype>
      <parameter>
        <name>DurationMs</name>
        <type>int</type>
      </parameter>
    </method>
    <method>
      <name DesignerName="DisplayDigit">_displaydigit</name>
      <comment>Display a digit 0 - 9 at position 1 - 4
</comment>
      <returntype>String</returntype>
      <parameter>
        <name>pos</name>
        <type>int</type>
      </parameter>
      <parameter>
        <name>digit</name>
        <type>int</type>
      </parameter>
    </method>
    <method>
      <name DesignerName="DisplayDigits">_displaydigits</name>
      <comment>Display up to 4 digits
Example: DisplayDigits(Array As Int(1,9,5,8))
</comment>
      <returntype>String</returntype>
      <parameter>
        <name>d</name>
        <type>int[]</type>
      </parameter>
    </method>
    <method>
      <name DesignerName="Initialize">_initialize</name>
      <comment>Init the display with pins data (DIO) and clock (CLK). Return true or false.
Example pin usage: TM1637 connected to Raspberry Pi:
Pin 38 = GPIO20 = wiringPi 28
Pin 40 = GPIO21 = wiringPi 29
The wiringPi pin numbers are required to initialize the display
Example: &lt;code&gt;
Private pinData As Byte = 28	'DIO
Private pinClock As Byte = 29		'CLK
Dim result as boolean = Initialize(pinData, pinClock)
&lt;/code&gt;
</comment>
      <returntype>boolean</returntype>
      <parameter>
        <name>ba</name>
        <type>anywheresoftware.b4a.BA</type>
      </parameter>
      <parameter>
        <name>pinData</name>
        <type>byte</type>
      </parameter>
      <parameter>
        <name>pinClock</name>
        <type>byte</type>
      </parameter>
    </method>
    <method>
      <name DesignerName="SetBrightnes">_setbrightnes</name>
      <comment>Set the brightness of the display to darkest, typical, highest
</comment>
      <returntype>String</returntype>
      <parameter>
        <name>value</name>
        <type>int</type>
      </parameter>
    </method>
    <method>
      <name DesignerName="SetDoublePoint">_setdoublepoint</name>
      <comment>Set the double point to visible state (true=visible, false=hidden)
</comment>
      <returntype>String</returntype>
      <parameter>
        <name>State</name>
        <type>boolean</type>
      </parameter>
    </method>
    <field>
      <name DesignerName="BRIGHTDARKEST">_brightdarkest</name>
      <returntype>int</returntype>
    </field>
    <field>
      <name DesignerName="BRIGHTTYPICAL">_brighttypical</name>
      <returntype>int</returntype>
    </field>
    <field>
      <name DesignerName="BRIGHTHIGHEST">_brighthighest</name>
      <returntype>int</returntype>
    </field>
    <field>
      <name DesignerName="ShowDoublePoint">_showdoublepoint</name>
      <returntype>boolean</returntype>
    </field>
    <field>
      <name DesignerName="Brightness">_brightness</name>
      <returntype>int</returntype>
    </field>
  </class>
  <version>1.01</version>
  <author>Robert W.B. Linn @ www.rwblinn.de</author>
</root>